门店名称,省份,城市,城市等级,区域,周边1km小区数量,周边中小学数量(500m),周边交通枢纽数量(300m),商业配套数量(500m),商务办公数量(500m),餐饮店数量(500m),Cluster_ID,聚类标签,画像名称
味知香(飞茂市场旗舰店),江苏省,南京市,新一线城市,建邺区,52,5,7,8,5,95,3,4,成熟社区型
味知香(崇文金成店),江苏省,南京市,新一线城市,建邺区,55,7,3,11,2,41,3,4,成熟社区型
味知香(阳光广场小区店),江苏省,南京市,新一线城市,鼓楼区,92,7,0,11,11,186,3,4,成熟社区型
味知香半成品菜(清凉门大街店),江苏省,南京市,新一线城市,鼓楼区,111,4,3,14,8,153,3,4,成熟社区型
味知香半成品菜,江苏省,南京市,新一线城市,江宁区,29,6,6,24,2,345,3,4,成熟社区型
味知香半成品菜,江苏省,南京市,新一线城市,雨花台区,28,3,2,11,5,84,0,1,商务综合型
味知香金陵小区金久店,江苏省,南京市,新一线城市,鼓楼区,67,8,0,10,3,101,0,1,商务综合型
苏州市味知香食品股份有限公司,江苏省,苏州市,新一线城市,吴中区,0,0,1,0,0,0,0,1,商务综合型
味知香,江苏省,苏州市,新一线城市,姑苏区,151,3,0,65,5,358,1,2,商业竞争型
味知香(葑门横街店),江苏省,苏州市,新一线城市,姑苏区,95,5,2,19,0,175,3,4,成熟社区型
味知香(计成路店),江苏省,苏州市,新一线城市,吴江区,19,0,0,3,2,26,0,1,商务综合型
味知香,江苏省,苏州市,新一线城市,昆山市,71,0,1,37,4,196,0,1,商务综合型
味知香,江苏省,苏州市,新一线城市,昆山市,106,5,2,58,7,287,1,2,商业竞争型
苏州市・味知香(东城明月店),江苏省,苏州市,新一线城市,姑苏区,75,1,0,26,6,106,0,1,商务综合型
味知香(胥口集贸市场店),江苏省,苏州市,新一线城市,吴中区,36,5,4,29,6,174,3,4,成熟社区型
尹东市场内B8味知香,江苏省,苏州市,新一线城市,吴中区,36,0,1,10,0,147,0,1,商务综合型
味知香(古里市场店),江苏省,苏州市,新一线城市,常熟市,29,2,0,16,0,89,0,1,商务综合型
味知香(浏河店),江苏省,苏州市,新一线城市,太仓市,46,0,2,21,3,154,0,1,商务综合型
味知香(小康村菜场店),江苏省,苏州市,新一线城市,常熟市,19,0,1,22,1,139,0,1,商务综合型
味知香(江南生鲜市场店),江苏省,苏州市,新一线城市,昆山市,24,1,0,7,3,59,0,1,商务综合型
味知香(惠隆市场),江苏省,苏州市,新一线城市,昆山市,94,5,3,38,0,191,3,4,成熟社区型
味知香(千灯店),江苏省,苏州市,新一线城市,昆山市,28,3,1,7,1,40,0,1,商务综合型
味知香专卖,江苏省,苏州市,新一线城市,昆山市,38,3,3,24,1,155,0,1,商务综合型
味知香半成品菜,江苏省,苏州市,新一线城市,吴中区,29,6,0,13,5,125,0,1,商务综合型
味知香半成品(昆山红峰店),江苏省,苏州市,新一线城市,昆山市,66,2,3,29,3,168,3,4,成熟社区型
味知香半成品菜,江苏省,苏州市,新一线城市,吴中区,23,0,0,14,5,88,0,1,商务综合型
味知香,江苏省,无锡市,二线城市,梁溪区,24,3,1,6,0,33,0,1,商务综合型
味知香,江苏省,无锡市,二线城市,梁溪区,51,3,0,16,5,90,0,1,商务综合型
味知香半成品菜(荣巷店),江苏省,无锡市,二线城市,滨湖区,43,8,4,20,5,151,3,4,成熟社区型
味知香(惠洲大道店),江苏省,无锡市,二线城市,惠山区,41,1,1,18,8,190,0,1,商务综合型
味知香(学前东路店),江苏省,无锡市,二线城市,梁溪区,51,5,3,12,0,55,0,1,商务综合型
味知香半成品菜(天锦路店),江苏省,无锡市,二线城市,惠山区,36,2,2,10,0,68,0,1,商务综合型
味知香(厚桥商城店),江苏省,无锡市,二线城市,锡山区,7,4,4,15,3,68,0,1,商务综合型
味知香(东庙巷店),江苏省,无锡市,二线城市,宜兴市,84,3,2,55,8,403,1,2,商业竞争型
味知香半成品菜稻香店,江苏省,无锡市,二线城市,滨湖区,61,4,2,17,0,158,0,1,商务综合型
味知香,江苏省,常州市,二线城市,天宁区,46,0,4,25,1,23,0,1,商务综合型
味知香,江苏省,常州市,二线城市,新北区,9,0,0,9,0,23,0,1,商务综合型
味知香,江苏省,常州市,二线城市,武进区,9,3,1,14,0,78,0,1,商务综合型
味知香(人和路店),江苏省,常州市,二线城市,新北区,15,4,1,23,1,123,0,1,商务综合型
味知香半成品菜(永宁北路店),江苏省,常州市,二线城市,天宁区,47,4,0,14,7,189,0,1,商务综合型
味知香(阳湖消费品综合市场店),江苏省,常州市,二线城市,武进区,64,4,3,33,2,126,3,4,成熟社区型
味知香半成品菜,江苏省,常州市,二线城市,钟楼区,41,2,1,17,4,107,0,1,商务综合型
味知香净菜,江苏省,常州市,二线城市,武进区,31,1,3,10,3,68,0,1,商务综合型
味知香半成品菜(福满园店),江苏省,常州市,二线城市,武进区,51,5,1,16,8,69,0,1,商务综合型
味知香半成品菜(御水景城店),江苏省,常州市,二线城市,溧阳市,31,1,0,11,0,37,0,1,商务综合型
味知香半成品菜(礼嘉百兴商贸城店),江苏省,常州市,二线城市,武进区,18,1,4,22,0,213,0,1,商务综合型
味知香世纪(花城店),江苏省,南通市,二线城市,崇川区,21,0,5,11,1,67,0,1,商务综合型
味知香(常青菜市场店),江苏省,南通市,二线城市,崇川区,21,1,2,12,2,58,0,1,商务综合型
味知香,江苏省,南通市,二线城市,崇川区,22,2,2,5,0,56,0,1,商务综合型
味知香金汇路店,江苏省,南通市,二线城市,通州区,15,0,0,6,0,16,0,1,商务综合型
味知香(光明路店),江苏省,南通市,二线城市,通州区,14,1,1,16,3,98,0,1,商务综合型
味知香半成品菜,江苏省,南通市,二线城市,通州区,9,1,0,13,2,41,0,1,商务综合型
味知香(启东店),江苏省,南通市,二线城市,启东市,30,2,1,16,3,39,0,1,商务综合型
味知香半成品菜(袁灶店),江苏省,南通市,二线城市,通州区,1,0,2,5,1,12,0,1,商务综合型
味知香半成品菜(职工新村南城南市场店),江苏省,南通市,二线城市,启东市,51,0,1,21,6,187,0,1,商务综合型
味知香(新城花园店),江苏省,扬州市,三线城市,邗江区,66,0,1,25,8,142,0,1,商务综合型
味知香,江苏省,扬州市,三线城市,江都区,92,4,3,36,4,175,3,4,成熟社区型
味知香(四季园农贸市场店),江苏省,扬州市,三线城市,邗江区,76,4,2,17,3,160,3,4,成熟社区型
味知香,江苏省,扬州市,三线城市,高邮市,77,4,1,21,8,133,3,4,成熟社区型
味知香(广州路农贸市场店),江苏省,扬州市,三线城市,江都区,40,1,2,5,1,67,0,1,商务综合型
味知香半成品菜(邮安路店),江苏省,扬州市,三线城市,高邮市,60,3,0,21,2,122,0,1,商务综合型
味知香(门前大街店),江苏省,扬州市,三线城市,宝应县,25,2,1,19,1,35,0,1,商务综合型
味知香半成品菜(嵩山路店),江苏省,扬州市,三线城市,江都区,47,4,1,10,2,43,0,1,商务综合型
味知香半成品菜(宝应世纪园店),江苏省,扬州市,三线城市,宝应县,43,2,0,21,6,85,0,1,商务综合型
味知香(宝应园丁路店),江苏省,扬州市,三线城市,宝应县,66,4,6,21,3,216,3,4,成熟社区型
味知香半成品菜(北奥康城店),江苏省,扬州市,三线城市,宝应县,22,1,2,20,2,97,0,1,商务综合型
北海社区菜园子,江苏省,扬州市,三线城市,高邮市,77,4,0,21,8,134,0,1,商务综合型
味知香(兴业店),江苏省,泰州市,三线城市,海陵区,19,1,1,6,0,27,0,1,商务综合型
味知香引凤店,江苏省,泰州市,三线城市,海陵区,17,4,3,12,3,78,0,1,商务综合型
味知香,江苏省,泰州市,三线城市,兴化市,32,4,6,9,1,43,3,4,成熟社区型
味知香,江苏省,泰州市,三线城市,兴化市,22,2,0,2,0,11,0,1,商务综合型
味知香半成品菜(姜堰店),江苏省,泰州市,三线城市,姜堰区,61,2,0,26,4,126,0,1,商务综合型
味知香半成品菜(复兴街店),江苏省,泰州市,三线城市,泰兴市,88,4,6,25,6,179,3,4,成熟社区型
味知香(施耐庵店),江苏省,泰州市,三线城市,兴化市,27,1,4,9,3,118,0,1,商务综合型
味知香(金泰农副产品批发市场店),江苏省,泰州市,三线城市,泰兴市,55,1,3,17,1,44,0,1,商务综合型
味知香半成品菜(城北店),江苏省,泰州市,三线城市,兴化市,70,3,6,10,4,90,3,4,成熟社区型
味知香特许经营店(黄桥店),江苏省,泰州市,三线城市,泰兴市,33,4,2,21,1,185,0,1,商务综合型
味知香预制菜(环城西路店),江苏省,泰州市,三线城市,泰兴市,66,3,2,23,4,86,0,1,商务综合型
味知香预制菜(新区菜场店),江苏省,泰州市,三线城市,泰兴市,23,0,1,21,3,119,0,1,商务综合型
味知香半成品菜(富康花园东区店),江苏省,泰州市,三线城市,兴化市,66,1,3,5,0,28,0,1,商务综合型
味知香,江苏省,盐城市,三线城市,盐都区,104,0,1,30,3,100,0,1,商务综合型
味知香(文苑路店),江苏省,盐城市,三线城市,亭湖区,106,1,0,29,5,128,0,1,商务综合型
味知香(盐城大庆路旗舰店),江苏省,盐城市,三线城市,亭湖区,117,4,7,10,8,71,3,4,成熟社区型
味知香(江苏省盐南高新区店),江苏省,盐城市,三线城市,盐都区,25,6,0,10,1,138,0,1,商务综合型
味知香(解放北路),江苏省,盐城市,三线城市,亭湖区,70,6,8,9,3,78,3,4,成熟社区型
味知香半成品菜(盛世明都店),江苏省,盐城市,三线城市,盐都区,25,4,3,10,1,45,0,1,商务综合型
味知香(福缘居小区店),江苏省,盐城市,三线城市,亭湖区,104,8,0,18,5,149,3,4,成熟社区型
环城北路味知香,江苏省,盐城市,三线城市,亭湖区,74,6,9,12,6,111,3,4,成熟社区型
味知香半成品菜(大宇花苑店),江苏省,盐城市,三线城市,盐都区,32,2,2,12,3,49,0,1,商务综合型
味知香半成品菜(万户新村三区店),江苏省,盐城市,三线城市,亭湖区,99,5,2,26,0,145,3,4,成熟社区型
味知香(日月路菜市场店),江苏省,盐城市,三线城市,盐都区,33,7,3,13,1,144,3,4,成熟社区型
味知香半成品菜(兆泉菜市场店),江苏省,盐城市,三线城市,盐都区,38,1,0,11,0,25,0,1,商务综合型
味知香(三河家园店),江苏省,盐城市,三线城市,盐都区,22,3,3,3,1,40,0,1,商务综合型
味知香(立新路店),江苏省,盐城市,三线城市,滨海县,63,7,5,46,9,381,1,2,商业竞争型
味知香(恒生市场店),江苏省,盐城市,三线城市,大丰区,77,2,3,31,6,241,3,4,成熟社区型
味知香(射阳国投海都路菜场店),江苏省,盐城市,三线城市,射阳县,18,2,2,26,3,121,0,1,商务综合型
味知香(中粱颐景园店),江苏省,盐城市,三线城市,盐都区,13,0,0,3,0,12,0,1,商务综合型
味知香(园中园菜场店),江苏省,盐城市,三线城市,亭湖区,21,1,1,11,1,56,0,1,商务综合型
味知香(时堰镇中心幼儿园店),江苏省,盐城市,三线城市,东台市,4,2,0,9,3,46,0,1,商务综合型
味知香半成品菜(跃南新苑店),江苏省,盐城市,三线城市,盐都区,57,1,3,19,1,106,0,1,商务综合型
味知香(郭猛店),江苏省,盐城市,三线城市,盐都区,8,1,0,34,4,111,0,1,商务综合型
味知香半成品菜(达阳路店),江苏省,盐城市,三线城市,射阳县,63,4,5,35,3,159,3,4,成熟社区型
味知香半成品菜(人民南路店),江苏省,盐城市,三线城市,盐都区,23,3,2,13,1,90,0,1,商务综合型
味知香半成品菜(成才路店),江苏省,盐城市,三线城市,盐都区,20,2,2,34,4,105,0,1,商务综合型
味知香半成品菜(红旗路店),江苏省,盐城市,三线城市,响水县,28,3,1,25,1,82,0,1,商务综合型
味知香半成品菜,江苏省,盐城市,三线城市,射阳县,53,7,2,32,3,157,3,4,成熟社区型
味知香沿河菜场店,江苏省,盐城市,三线城市,滨海县,46,4,2,29,3,193,3,4,成熟社区型
味知香冷库,江苏省,盐城市,三线城市,滨海县,12,2,1,8,1,13,0,1,商务综合型
味知香(文锦城市场店),江苏省,淮安市,三线城市,淮安区,33,3,0,26,6,151,0,1,商务综合型
味知香(红树小区店),江苏省,淮安市,三线城市,清江浦区,113,6,2,47,0,190,3,4,成熟社区型
味知香,江苏省,淮安市,三线城市,涟水县,55,4,2,27,1,99,0,1,商务综合型
味知香预制菜,江苏省,淮安市,三线城市,盱眙县,27,1,2,15,1,40,0,1,商务综合型
味知香,江苏省,连云港市,三线城市,灌云县,48,7,0,33,10,391,1,2,商业竞争型
味知香,江苏省,连云港市,三线城市,灌南县,25,2,1,15,2,78,0,1,商务综合型
味知香半成品菜(新安南路店),江苏省,连云港市,三线城市,灌南县,39,6,0,36,4,230,3,4,成熟社区型
味知香半成品菜(振兴华府店),江苏省,连云港市,三线城市,灌南县,34,3,1,22,1,53,0,1,商务综合型
味知香半成品店(姚庄农贸市场店),江苏省,徐州市,二线城市,泉山区,24,4,1,15,0,187,0,1,商务综合型
味知香火锅烧烤食材,江苏省,徐州市,二线城市,睢宁县,41,3,1,8,0,50,0,1,商务综合型
味之香大众早点,江苏省,徐州市,二线城市,邳州市,12,3,1,20,3,76,0,1,商务综合型
味知香半成品菜,江苏省,宿迁市,三线城市,宿城区,27,0,5,8,0,32,0,1,商务综合型
味知香广源市场店,江苏省,宿迁市,三线城市,泗阳县,42,4,2,31,4,288,3,4,成熟社区型
味之香馄饨,江苏省,宿迁市,三线城市,沭阳县,53,2,6,28,3,162,3,4,成熟社区型
味知香,江苏省,镇江市,三线城市,丹阳市,98,4,0,55,6,288,1,2,商业竞争型
味知香,浙江省,湖州市,三线城市,吴兴区,11,3,2,22,6,149,0,1,商务综合型
味知香(百家兴市场内),江苏省,镇江市,三线城市,丹阳市,61,2,4,18,6,83,3,4,成熟社区型
味知香(华南店),江苏省,镇江市,三线城市,丹阳市,55,2,2,17,6,193,3,4,成熟社区型
味知香(南门市场店),江苏省,镇江市,三线城市,丹阳市,76,1,2,21,3,131,0,1,商务综合型
味知香半成品,上海市,上海市,一线城市,黄浦区,168,9,6,16,2,108,3,4,成熟社区型
味知香半成品菜延庆店,上海市,上海市,一线城市,徐汇区,439,17,2,20,11,274,2,3,校圈便利型
味知香专柜(徐汇区龙华菜市场店),上海市,上海市,一线城市,徐汇区,89,4,0,14,0,17,0,1,商务综合型
上海市康兴菜市场味知香方便菜专卖店,上海市,上海市,一线城市,徐汇区,84,13,3,10,1,41,3,4,成熟社区型
味知香(虹珠市场店),上海市,上海市,一线城市,长宁区,0,13,2,20,3,115,3,4,成熟社区型
味知香半成品菜(新渔东路店),上海市,上海市,一线城市,长宁区,138,11,3,24,18,179,2,3,校圈便利型
味知香长顺店,上海市,上海市,一线城市,长宁区,211,12,6,34,6,268,2,3,校圈便利型
味知香半成品菜(芷江西路店),上海市,上海市,一线城市,静安区,282,9,4,24,5,129,2,3,校圈便利型
味知香半成品菜(镇宁旗舰店),上海市,上海市,一线城市,静安区,335,13,1,18,6,133,2,3,校圈便利型
味知香(半成品店),浙江省,嘉兴市,二线城市,平湖市,49,3,4,16,2,45,0,1,商务综合型
味知香(高资店),江苏省,镇江市,三线城市,丹徒区,15,2,0,21,5,97,0,1,商务综合型
味知香(宝华大道店),江苏省,镇江市,三线城市,句容市,28,1,2,15,3,142,0,1,商务综合型
味知香(新欣市场内门店),江苏省,镇江市,三线城市,丹阳市,52,2,2,40,6,258,3,4,成熟社区型
味知香半成品菜,江苏省,镇江市,三线城市,丹阳市,9,2,2,14,4,102,0,1,商务综合型
味知香半成品菜(博联农贸商城店),江苏省,镇江市,三线城市,扬中市,26,0,3,4,1,24,0,1,商务综合型
味知香(意法清江服装城店),浙江省,杭州市,新一线城市,上城区,105,1,3,29,7,190,3,4,成熟社区型
味知香旗舰店,浙江省,杭州市,新一线城市,拱墅区,157,8,4,57,13,361,1,2,商业竞争型
味知香(良熟百货店),浙江省,杭州市,新一线城市,临平区,21,3,5,13,2,56,0,1,商务综合型
味知香(中山路农贸市场店),浙江省,杭州市,新一线城市,临平区,137,4,5,30,10,149,3,4,成熟社区型
仙林苑味知香(仙林苑北区店),浙江省,杭州市,新一线城市,拱墅区,189,18,5,46,18,251,2,3,校圈便利型
味知香半成品菜官方旗舰店(余杭店),浙江省,杭州市,新一线城市,余杭区,70,2,7,32,6,182,3,4,成熟社区型
味知香自选快餐,浙江省,杭州市,新一线城市,临安区,1,0,4,10,0,31,0,1,商务综合型
味知香半成品菜,浙江省,杭州市,新一线城市,萧山区,15,2,1,15,2,84,0,1,商务综合型
味之香美蛙鲜鱼火锅(总店),浙江省,杭州市,新一线城市,钱塘区,43,15,3,31,4,450,1,2,商业竞争型
温州市瓯海区黄屿味知香(黄屿家园店),浙江省,温州市,二线城市,瓯海区,52,5,2,16,4,94,0,1,商务综合型
味知香,浙江省,温州市,二线城市,瑞安市,80,4,2,80,7,277,1,2,商业竞争型
味知香(创业路店),浙江省,温州市,二线城市,苍南县,74,9,5,49,0,341,1,2,商业竞争型
味知香半成品菜(灵溪大门店),浙江省,温州市,二线城市,苍南县,80,8,9,80,5,415,1,2,商业竞争型
味知香(嘉兴友谊农贸市场店),浙江省,嘉兴市,二线城市,秀洲区,71,2,4,37,2,257,3,4,成熟社区型
富兴菜场味知香,浙江省,嘉兴市,二线城市,南湖区,102,5,5,18,6,159,3,4,成熟社区型
味知香(兴贤路店),浙江省,嘉兴市,二线城市,嘉善县,16,1,1,28,1,59,0,1,商务综合型
味知香半成品菜,浙江省,嘉兴市,二线城市,秀洲区,3,1,1,14,3,26,0,1,商务综合型
味知香预制菜,浙江省,嘉兴市,二线城市,桐乡市,30,3,1,28,0,135,0,1,商务综合型
味知香(灵安便民菜场),浙江省,嘉兴市,二线城市,桐乡市,16,1,2,18,3,107,0,1,商务综合型
味知香半成品(蒙士大厦店),浙江省,嘉兴市,二线城市,平湖市,31,1,4,20,5,140,3,4,成熟社区型
味知香半成品菜(杭东农副产品批发市场店),浙江省,嘉兴市,二线城市,海宁市,5,1,1,11,0,18,0,1,商务综合型
味知香半成品菜(长虹嘉苑店),浙江省,嘉兴市,二线城市,海宁市,24,3,0,18,6,88,0,1,商务综合型
味知香(湖东农贸市场店),浙江省,湖州市,三线城市,吴兴区,62,5,2,12,5,103,3,4,成熟社区型
味知香(长兴中心农贸市场店),浙江省,湖州市,三线城市,长兴县,94,6,0,29,2,128,0,1,商务综合型
施记香老蔡羊肉,浙江省,湖州市,三线城市,吴兴区,21,3,0,6,0,27,0,1,商务综合型
市陌味知香预制菜(市陌路小区店),浙江省,湖州市,三线城市,吴兴区,77,4,2,13,3,155,3,4,成熟社区型
味知香预制菜(菱湖店),浙江省,湖州市,三线城市,南浔区,29,1,1,27,2,134,0,1,商务综合型
味知香半成品菜(湖州新华农贸市场店),浙江省,湖州市,三线城市,吴兴区,90,5,5,26,9,172,3,4,成熟社区型
味知香半成品火锅食材(金龙佳苑店),浙江省,湖州市,三线城市,吴兴区,32,3,1,8,2,35,0,1,商务综合型
味知香半成品菜(华兴路店),浙江省,湖州市,三线城市,长兴县,21,1,3,33,9,153,3,4,成熟社区型
味知香酥饼店,浙江省,金华市,二线城市,婺城区,70,5,5,14,5,96,3,4,成熟社区型
味知香半成品菜,浙江省,金华市,二线城市,婺城区,113,3,2,32,6,395,1,2,商业竞争型
味知香(江滨中路店),浙江省,金华市,二线城市,浦江县,79,5,4,36,6,174,3,4,成熟社区型
黄家味知香酥饼,浙江省,金华市,二线城市,金东区,3,0,1,3,0,16,0,1,商务综合型
味知香旗舰店(海天大道店),浙江省,舟山市,三线城市,定海区,68,0,3,18,4,78,0,1,商务综合型
味知香(华敦街店),浙江省,丽水市,三线城市,莲都区,85,6,9,59,10,316,1,2,商业竞争型
味知香,浙江省,宁波市,新一线城市,江北区,26,3,8,7,12,68,3,4,成熟社区型
味知香半成品菜(平顺店),上海市,上海市,一线城市,静安区,162,13,3,18,11,119,2,3,校圈便利型
东康菜市场味知香,上海市,上海市,一线城市,静安区,82,7,2,17,4,86,3,4,成熟社区型
味知香(西乡路甘北店),上海市,上海市,一线城市,普陀区,149,7,5,20,8,104,3,4,成熟社区型
味知香(石泉六村小区店),上海市,上海市,一线城市,普陀区,154,9,4,22,4,123,3,4,成熟社区型
味知香广粤市场店,上海市,上海市,一线城市,虹口区,106,4,2,12,3,85,3,4,成熟社区型
味知香半成品菜(长春菜市场店),上海市,上海市,一线城市,虹口区,294,9,3,34,15,298,2,3,校圈便利型
味知香(辽源西路店),上海市,上海市,一线城市,杨浦区,173,14,1,23,8,93,2,3,校圈便利型
味知香半成品菜(双辽新村小区双辽支路70弄店),上海市,上海市,一线城市,杨浦区,166,13,3,20,9,143,2,3,校圈便利型
味知香半成品菜,上海市,上海市,一线城市,杨浦区,57,8,3,28,4,108,3,4,成熟社区型
味知香(陇南市场店),上海市,上海市,一线城市,闵行区,77,1,1,10,2,38,0,1,商务综合型
味知香半成品(吴泾菜市场店),上海市,上海市,一线城市,闵行区,30,4,1,15,2,60,0,1,商务综合型
味知香・半成品菜(平南路店),上海市,上海市,一线城市,闵行区,60,4,2,12,1,34,0,1,商务综合型
味知香(兰坪集北市场店),上海市,上海市,一线城市,闵行区,85,7,4,18,7,104,3,4,成熟社区型
味知香(江桥店),上海市,上海市,一线城市,嘉定区,57,2,1,20,0,89,0,1,商务综合型
味知香,上海市,上海市,一线城市,浦东新区,71,1,7,15,1,110,3,4,成熟社区型
味知香(黄路店),上海市,上海市,一线城市,浦东新区,15,5,3,15,3,43,0,1,商务综合型
味知香,上海市,上海市,一线城市,浦东新区,21,3,2,13,1,41,0,1,商务综合型
味知香半成品菜(昌里东路店),上海市,上海市,一线城市,浦东新区,95,12,2,12,5,112,3,4,成熟社区型
味知香(上钢集贸市场店),上海市,上海市,一线城市,浦东新区,120,11,5,21,5,181,3,4,成熟社区型
味知香半成品菜(川沙古镇店),上海市,上海市,一线城市,浦东新区,111,10,4,32,2,163,3,4,成熟社区型
味知香半成品菜(安盛街店),上海市,上海市,一线城市,浦东新区,48,6,3,9,9,149,3,4,成熟社区型
味知香半成品菜(尚杨商务楼店),上海市,上海市,一线城市,浦东新区,87,2,4,12,2,166,3,4,成熟社区型
味知香(孙桥菜市场店),上海市,上海市,一线城市,浦东新区,59,2,3,16,3,173,3,4,成熟社区型
味知香(方兴农贸市场),安徽省,合肥市,二线城市,蜀山区,41,5,0,20,0,62,0,1,商务综合型
味知香半成品菜(定光东巷店),安徽省,合肥市,二线城市,肥东县,95,9,3,58,4,190,1,2,商业竞争型
味知香馄饨(明珠花园店),安徽省,合肥市,二线城市,庐江县,47,4,10,34,4,175,3,4,成熟社区型
味知香半成品菜火锅食材一站式,安徽省,合肥市,二线城市,蜀山区,32,7,1,13,1,120,0,1,商务综合型
味知香(黄山东路店),安徽省,芜湖市,三线城市,鸠江区,10,3,2,18,5,94,0,1,商务综合型
味知香(龙湖新城菜市场店),安徽省,芜湖市,三线城市,弋江区,11,5,0,5,0,11,0,1,商务综合型
味知香(赂鄄耸谐),安徽省,芜湖市,三线城市,弋江区,11,3,1,18,5,129,0,1,商务综合型
味知香预制菜,安徽省,芜湖市,三线城市,鸠江区,7,2,0,11,2,54,0,1,商务综合型
味知香半成品菜(大华新家园店),安徽省,淮北市,三线城市,相山区,58,6,2,39,1,240,3,4,成熟社区型
味知香预制菜相山路菜市场店,安徽省,淮北市,三线城市,相山区,83,10,8,45,14,248,1,2,商业竞争型
味知香(南昌抚河店),江西省,南昌市,二线城市,西湖区,151,8,4,59,8,221,1,2,商业竞争型
味知香新公园店(金合大楼店),江西省,南昌市,二线城市,东湖区,158,7,2,24,3,86,3,4,成熟社区型
味知香,江西省,南昌市,二线城市,南昌县,82,8,7,43,4,215,3,4,成熟社区型
味知香(丁公路店),江西省,南昌市,二线城市,西湖区,143,6,5,61,12,369,1,2,商业竞争型
味知香红谷滩沁园店,江西省,南昌市,二线城市,红谷滩区,74,5,0,47,2,406,1,2,商业竞争型
味知香上海路店,江西省,南昌市,二线城市,青山湖区,84,10,4,48,7,192,1,2,商业竞争型
味知香铁路二村店,江西省,南昌市,二线城市,西湖区,104,9,1,53,11,238,1,2,商业竞争型
味知香定岗店,江西省,南昌市,二线城市,南昌县,44,4,4,24,2,102,3,4,成熟社区型
味之香早餐店,江西省,南昌市,二线城市,红谷滩区,33,4,5,27,2,164,3,4,成熟社区型
味知香半成品菜(利江市场店),江西省,九江市,三线城市,浔阳区,125,6,5,54,7,331,1,2,商业竞争型
味知香新一菜场店,江西省,九江市,三线城市,浔阳区,115,6,6,58,8,254,1,2,商业竞争型
味知香(中瀚城东购物中心店),江西省,九江市,三线城市,浔阳区,31,7,0,21,4,117,0,1,商务综合型
味知香八里湖智慧菜场店,江西省,九江市,三线城市,浔阳区,14,4,0,5,0,4,0,1,商务综合型
味知香半成品菜(江洲菜场店),江西省,九江市,三线城市,浔阳区,93,12,5,59,9,381,1,2,商业竞争型
味知香半成品菜陶洼菜场店,江西省,九江市,三线城市,濂溪区,42,6,3,39,5,224,3,4,成熟社区型
味知香半成品菜三里街菜场店,江西省,九江市,三线城市,浔阳区,93,9,1,48,5,97,3,4,成熟社区型
味知香半成品菜黄土岭菜场店,江西省,九江市,三线城市,濂溪区,54,5,2,15,0,53,0,1,商务综合型
味知香半成品菜,江西省,新余市,三线城市,渝水区,77,5,3,20,14,152,3,4,成熟社区型
味知香(都市港湾店),江西省,鹰潭市,三线城市,月湖区,35,4,2,25,1,87,0,1,商务综合型
一味知香蛋糕店,江西省,吉安市,三线城市,万安县,1,4,0,8,2,12,0,1,商务综合型
一味知香早餐店,江西省,宜春市,三线城市,万载县,23,4,2,28,2,75,0,1,商务综合型
味之香(淦阳路店),江西省,宜春市,三线城市,樟树市,71,3,4,24,6,75,3,4,成熟社区型
味知香食品店,江西省,上饶市,三线城市,广信区,38,4,1,24,4,43,0,1,商务综合型
味知香(大州汇誉市场店),湖北省,武汉市,新一线城市,青山区,81,4,1,29,3,108,0,1,商务综合型
味知香食品走马岭店,湖北省,武汉市,新一线城市,东西湖区,15,0,1,26,2,141,0,1,商务综合型
味知香半成品菜(团结生鲜店),湖北省,武汉市,新一线城市,武昌区,73,1,0,13,6,121,0,1,商务综合型
味知香,湖北省,咸宁市,三线城市,咸安区,87,5,2,63,3,296,1,2,商业竞争型
味之香酒楼(交投水岸星城店),湖北省,荆州市,三线城市,松滋市,3,1,1,5,0,12,0,1,商务综合型
味之香家常小炒,湖南省,衡阳市,三线城市,蒸湘区,19,3,1,6,0,28,0,1,商务综合型
味知香(金屿市场店),福建省,福州市,二线城市,闽侯县,41,6,3,41,5,139,3,4,成熟社区型
味知香半成品菜,福建省,福州市,二线城市,连江县,7,0,0,6,5,18,0,1,商务综合型
味知香(金象店),福建省,福州市,二线城市,平潭县,112,3,1,54,8,262,1,2,商业竞争型
味知香半成品菜,福建省,莆田市,三线城市,城厢区,117,3,2,100,3,402,1,2,商业竞争型
味知香(东泉大厦东北三明市综合市场店),福建省,三明市,三线城市,三元区,71,8,7,53,13,229,1,2,商业竞争型
味知香(将乐金溪市场店),福建省,三明市,三线城市,将乐县,54,4,6,52,10,290,1,2,商业竞争型
三元区红杏市场味知香半成品菜,福建省,三明市,三线城市,三元区,49,4,8,66,15,232,1,2,商业竞争型
味知香预制菜(妙云街店),福建省,泉州市,二线城市,丰泽区,191,8,2,78,5,344,1,2,商业竞争型
味之香(海八南路店),福建省,泉州市,二线城市,晋江市,49,3,2,82,8,351,1,2,商业竞争型
味知香(登高东路店),福建省,龙岩市,三线城市,新罗区,73,9,3,23,2,60,3,4,成熟社区型
华安县味之香汉堡店,福建省,漳州市,三线城市,华安县,1,4,0,2,1,8,0,1,商务综合型
味知香半成品菜(北城世纪大厦店),福建省,龙岩市,三线城市,新罗区,32,3,6,78,2,131,1,2,商业竞争型
味知香(周宁市场店),福建省,宁德市,三线城市,周宁县,42,7,4,45,7,224,1,2,商业竞争型
味知香预制菜,山东省,青岛市,新一线城市,市北区,54,2,8,33,4,373,1,2,商业竞争型
味知香,山东省,东营市,三线城市,东营区,28,4,1,10,2,53,0,1,商务综合型
味知香美食,山东省,枣庄市,三线城市,滕州市,1,3,2,14,3,48,0,1,商务综合型
味知香半成品菜,山东省,临沂市,三线城市,兰山区,34,7,2,11,2,81,0,1,商务综合型
祥和菜市场味知香半成品菜(红盾花园店),山东省,临沂市,三线城市,兰山区,34,8,2,11,2,78,0,1,商务综合型
味之香太和板面,山东省,临沂市,三线城市,兰山区,6,0,0,14,0,52,0,1,商务综合型
味知香(飞茂市场旗舰店),江苏省,南京市,新一线城市,建邺区,52,5,7,8,5,95,3,4,成熟社区型
味知香(阳光广场小区店),江苏省,南京市,新一线城市,鼓楼区,92,7,2,11,11,186,3,4,成熟社区型
味知香(崇文金成店),江苏省,南京市,新一线城市,建邺区,55,7,3,11,2,41,3,4,成熟社区型
味知香(宝华大道店),江苏省,镇江市,三线城市,句容市,28,1,2,15,3,142,0,1,商务综合型
味知香(高资店),江苏省,镇江市,三线城市,丹徒区,15,2,0,21,5,97,0,1,商务综合型
味知香,江苏省,镇江市,三线城市,丹阳市,98,4,0,55,6,288,1,2,商业竞争型
味知香(新城花园店),江苏省,扬州市,三线城市,邗江区,66,0,1,25,8,0,0,1,商务综合型
味知香(华南店),江苏省,镇江市,三线城市,丹阳市,55,2,2,17,6,193,3,4,成熟社区型
味知香(百家兴市场内),江苏省,镇江市,三线城市,丹阳市,61,2,4,18,6,83,3,4,成熟社区型
味知香,江苏省,扬州市,三线城市,江都区,92,4,3,36,4,175,3,4,成熟社区型
味知香(南门市场店),江苏省,镇江市,三线城市,丹阳市,76,1,2,21,3,131,0,1,商务综合型
味知香家常菜,四川省,攀枝花市,三线城市,仁和区,0,0,0,1,1,2,0,1,商务综合型
味之香餐厅(交通街店),四川省,遂宁市,三线城市,蓬溪县,6,4,0,18,4,34,0,1,商务综合型
一味知香鲜汤牛肉米线(范河二街店),四川省,乐山市,三线城市,峨眉山市,50,4,0,15,5,212,0,1,商务综合型
味之鲜烧麦,四川省,乐山市,三线城市,市中区,134,4,3,25,8,198,3,4,成熟社区型
味知香,浙江省,宁波市,新一线城市,江北区,26,3,8,7,12,68,3,4,成熟社区型
南坪味知香(正扬农贸市场店),重庆市,重庆市,新一线城市,南岸区,157,9,4,100,34,450,1,2,商业竞争型
正扬家具市场,重庆市,重庆市,新一线城市,南岸区,155,9,4,103,33,450,1,2,商业竞争型
新场农贸市场味知香(鼎莘春申丽园西区店),上海市,上海市,一线城市,浦东新区,57,3,3,21,3,103,3,4,成熟社区型
味知香半成品菜,上海市,上海市,一线城市,浦东新区,113,5,2,18,7,167,3,4,成熟社区型
味知香半成品菜(金口菜市场),上海市,上海市,一线城市,浦东新区,95,4,3,11,3,94,3,4,成熟社区型
味知香半成品菜(人乐店),上海市,上海市,一线城市,松江区,84,19,4,25,6,180,2,3,校圈便利型
味知香,上海市,上海市,一线城市,奉贤区,19,6,2,12,1,111,0,1,商务综合型
味知香(育秀小区店),上海市,上海市,一线城市,奉贤区,69,6,7,27,3,201,3,4,成熟社区型
味知香(阳光菜场店),上海市,上海市,一线城市,奉贤区,45,4,5,15,8,116,3,4,成熟社区型
味知香火锅.烧烤.家宴食材批发零售,上海市,上海市,一线城市,崇明区,11,1,3,0,0,14,0,1,商务综合型
味知香半成品菜,安徽省,铜陵市,三线城市,铜官区,35,2,4,22,2,87,0,1,商务综合型
味知香(胜利路店),安徽省,六安市,三线城市,金安区,1,2,2,18,2,62,0,1,商务综合型
味知香半成品菜,安徽省,宣城市,三线城市,宣州区,138,3,5,41,6,410,1,2,商业竞争型
味知香半成品菜(广德店),安徽省,宣城市,三线城市,广德市,72,5,6,38,7,335,1,2,商业竞争型
